{
  "GDP": 3047337239022.872,
  "R&D": 25581951222.2276,
  "Population": 552084912.0,
  "Land": 30715742.0,
  "Export": 810498227673.9475,
  "Education Expenditure": 459322843151.4094,
  "Health Expenditure": 206184935211.24573,
  "Net Trade": 27546179381.34791,
  "Year": 2000
}